name,value,date
芭莎明星慈善夜捐款明细 ,2159457,2018-12-23 14:25
贾乃亮追责非法跟踪偷拍,2105869,2018-12-23 14:25
20年后打老师双方都称是受害者,859316,2018-12-23 14:25
莫文蔚身材 ,687957,2018-12-23 14:25
邓紫棋粉丝 邓紫棋公司,578466,2018-12-23 14:25
12306将实现自动抢票 ,564580,2018-12-23 14:25
考研数学 ,457680,2018-12-23 14:25
证明街道办的证明是街道办开的,441481,2018-12-23 14:25
土耳其回应美国从叙撤军,436019,2018-12-23 14:25
刘恺威杨幂离婚,435049,2018-12-23 14:25
李林压中大题,433323,2018-12-23 14:25
误以为别人喜欢自己的经历 ,431546,2018-12-23 14:25
rng,318303,2018-12-23 14:25
蕾哈娜明年发行新专辑,252085,2018-12-23 14:25
狗狗舞蹈世界锦标赛,247486,2018-12-23 14:25
中国留学生疑向室友投毒,247078,2018-12-23 14:25
朱令案,246686,2018-12-23 14:25
深圳公安,246097,2018-12-23 14:25
红灯记李奶奶扮演者逝世,206597,2018-12-23 14:25
郑爽张恒合开公司,204573,2018-12-23 14:25
芭莎明星慈善夜捐款明细 ,2151594,2018-12-23 14:26
贾乃亮追责非法跟踪偷拍,2138940,2018-12-23 14:26
20年后打老师双方都称是受害者,861556,2018-12-23 14:26
莫文蔚身材 ,668900,2018-12-23 14:26
邓紫棋粉丝 邓紫棋公司,569006,2018-12-23 14:26
12306将实现自动抢票 ,558286,2018-12-23 14:26
考研数学 ,450319,2018-12-23 14:26
证明街道办的证明是街道办开的,440664,2018-12-23 14:26
土耳其回应美国从叙撤军,436310,2018-12-23 14:26
刘恺威杨幂离婚,434046,2018-12-23 14:26
李林压中大题,424518,2018-12-23 14:26
误以为别人喜欢自己的经历 ,413443,2018-12-23 14:26
rng,326464,2018-12-23 14:26
蕾哈娜明年发行新专辑,246529,2018-12-23 14:26
狗狗舞蹈世界锦标赛,241952,2018-12-23 14:26
中国留学生疑向室友投毒,241949,2018-12-23 14:26
朱令案,241948,2018-12-23 14:26
深圳公安,241931,2018-12-23 14:26
红灯记李奶奶扮演者逝世,202935,2018-12-23 14:26
郑爽张恒合开公司,201381,2018-12-23 14:26
芭莎明星慈善夜捐款明细 ,2151811,2018-12-23 14:28
贾乃亮追责非法跟踪偷拍,2151705,2018-12-23 14:28
20年后打老师双方都称是受害者,862788,2018-12-23 14:28
莫文蔚身材 ,660572,2018-12-23 14:28
邓紫棋粉丝 邓紫棋公司,566021,2018-12-23 14:28
12306将实现自动抢票 ,554686,2018-12-23 14:28
考研数学 ,447063,2018-12-23 14:28
证明街道办的证明是街道办开的,433727,2018-12-23 14:28
土耳其回应美国从叙撤军,431998,2018-12-23 14:28
刘恺威杨幂离婚,430806,2018-12-23 14:28
李林压中大题,421522,2018-12-23 14:28
误以为别人喜欢自己的经历 ,404608,2018-12-23 14:28
rng,329264,2018-12-23 14:28
蕾哈娜明年发行新专辑,243136,2018-12-23 14:28
狗狗舞蹈世界锦标赛,240561,2018-12-23 14:28
中国留学生疑向室友投毒,240441,2018-12-23 14:28
朱令案,240125,2018-12-23 14:28
深圳公安,239474,2018-12-23 14:28
红灯记李奶奶扮演者逝世,201934,2018-12-23 14:28
郑爽张恒合开公司,199599,2018-12-23 14:28
贾乃亮追责非法跟踪偷拍,2252836,2018-12-23 14:29
芭莎明星慈善夜捐款明细 ,2140965,2018-12-23 14:29
20年后打老师双方都称是受害者,889142,2018-12-23 14:29
莫文蔚身材 ,642666,2018-12-23 14:29
邓紫棋粉丝 邓紫棋公司,558527,2018-12-23 14:29
12306将实现自动抢票 ,541266,2018-12-23 14:29
考研数学 ,439061,2018-12-23 14:29
证明街道办的证明是街道办开的,435187,2018-12-23 14:29
土耳其回应美国从叙撤军,434416,2018-12-23 14:29
刘恺威杨幂离婚,433876,2018-12-23 14:29
李林压中大题,427301,2018-12-23 14:29
误以为别人喜欢自己的经历 ,388457,2018-12-23 14:29
rng,333019,2018-12-23 14:29
蕾哈娜明年发行新专辑,235459,2018-12-23 14:29
狗狗舞蹈世界锦标赛,235157,2018-12-23 14:29
中国留学生疑向室友投毒,235124,2018-12-23 14:29
朱令案,235102,2018-12-23 14:29
深圳公安,235061,2018-12-23 14:29
红灯记李奶奶扮演者逝世,197865,2018-12-23 14:29
郑爽张恒合开公司,195718,2018-12-23 14:29
贾乃亮追责非法跟踪偷拍,2296323,2018-12-23 14:31
芭莎明星慈善夜捐款明细 ,2112955,2018-12-23 14:31
20年后打老师双方都称是受害者,894789,2018-12-23 14:31
莫文蔚身材 ,627333,2018-12-23 14:31
邓紫棋粉丝 邓紫棋公司,553615,2018-12-23 14:31
12306将实现自动抢票 ,536538,2018-12-23 14:31
刘恺威杨幂离婚,434600,2018-12-23 14:31
证明街道办的证明是街道办开的,434147,2018-12-23 14:31
土耳其回应美国从叙撤军,434079,2018-12-23 14:31
考研数学 ,434045,2018-12-23 14:31
李林压中大题,410770,2018-12-23 14:31
误以为别人喜欢自己的经历 ,381194,2018-12-23 14:31
rng,331815,2018-12-23 14:31
蕾哈娜明年发行新专辑,231340,2018-12-23 14:31
狗狗舞蹈世界锦标赛,223213,2018-12-23 14:31
中国留学生疑向室友投毒,220919,2018-12-23 14:31
朱令案,207775,2018-12-23 14:31
深圳公安,197820,2018-12-23 14:31
红灯记李奶奶扮演者逝世,195677,2018-12-23 14:31
letme疑退役,193781,2018-12-23 14:31
贾乃亮追责非法跟踪偷拍,2336590,2018-12-23 14:32
芭莎明星慈善夜捐款明细 ,2081404,2018-12-23 14:32
20年后打老师双方都称是受害者,922443,2018-12-23 14:32
莫文蔚身材 ,627908,2018-12-23 14:32
邓紫棋粉丝 邓紫棋公司,551509,2018-12-23 14:32
12306将实现自动抢票 ,527307,2018-12-23 14:32
刘恺威杨幂离婚,433844,2018-12-23 14:32
证明街道办的证明是街道办开的,433749,2018-12-23 14:32
土耳其回应美国从叙撤军,433719,2018-12-23 14:32
考研数学 ,433699,2018-12-23 14:32
李林压中大题,426066,2018-12-23 14:32
误以为别人喜欢自己的经历 ,373326,2018-12-23 14:32
rng,330365,2018-12-23 14:32
蕾哈娜明年发行新专辑,228964,2018-12-23 14:32
狗狗舞蹈世界锦标赛,225281,2018-12-23 14:32
中国留学生疑向室友投毒,219109,2018-12-23 14:32
朱令案,206377,2018-12-23 14:32
深圳公安,203215,2018-12-23 14:32
letme疑退役,197089,2018-12-23 14:32
红灯记李奶奶扮演者逝世,193134,2018-12-23 14:32
贾乃亮追责非法跟踪偷拍,2456200,2018-12-23 14:34
芭莎明星慈善夜捐款明细 ,1999088,2018-12-23 14:34
20年后打老师双方都称是受害者,899477,2018-12-23 14:34
莫文蔚身材 ,598418,2018-12-23 14:34
邓紫棋粉丝 邓紫棋公司,546614,2018-12-23 14:34
12306将实现自动抢票 ,512140,2018-12-23 14:34
刘恺威杨幂离婚,443943,2018-12-23 14:34
证明街道办的证明是街道办开的,425226,2018-12-23 14:34
土耳其回应美国从叙撤军,419798,2018-12-23 14:34
考研数学 ,415455,2018-12-23 14:34
李林压中大题,397506,2018-12-23 14:34
误以为别人喜欢自己的经历 ,351566,2018-12-23 14:34
rng,333220,2018-12-23 14:34
蕾哈娜明年发行新专辑,220663,2018-12-23 14:34
狗狗舞蹈世界锦标赛,217051,2018-12-23 14:34
中国留学生疑向室友投毒,215904,2018-12-23 14:34
朱令案,207369,2018-12-23 14:34
深圳公安,206394,2018-12-23 14:34
mlxg,202549,2018-12-23 14:34
letme疑退役,199582,2018-12-23 14:34
贾乃亮追责非法跟踪偷拍,2493728,2018-12-23 14:35
芭莎明星慈善夜捐款明细 ,1974079,2018-12-23 14:35
20年后打老师双方都称是受害者,912756,2018-12-23 14:35
莫文蔚身材 ,599210,2018-12-23 14:35
邓紫棋粉丝 邓紫棋公司,548501,2018-12-23 14:35
12306将实现自动抢票 ,505250,2018-12-23 14:35
刘恺威杨幂离婚,446448,2018-12-23 14:35
证明街道办的证明是街道办开的,420673,2018-12-23 14:35
土耳其回应美国从叙撤军,412172,2018-12-23 14:35
考研数学 ,406428,2018-12-23 14:35
李林压中大题,380210,2018-12-23 14:35
误以为别人喜欢自己的经历 ,342795,2018-12-23 14:35
rng,338478,2018-12-23 14:35
蕾哈娜明年发行新专辑,218702,2018-12-23 14:35
狗狗舞蹈世界锦标赛,218685,2018-12-23 14:35
中国留学生疑向室友投毒,218051,2018-12-23 14:35
朱令案,217465,2018-12-23 14:35
深圳公安,216975,2018-12-23 14:35
mlxg,216961,2018-12-23 14:35
letme疑退役,200435,2018-12-23 14:35
贾乃亮追责非法跟踪偷拍,2527237,2018-12-23 14:37
芭莎明星慈善夜捐款明细 ,1950208,2018-12-23 14:37
20年后打老师双方都称是受害者,907084,2018-12-23 14:37
莫文蔚身材 ,601584,2018-12-23 14:37
邓紫棋粉丝 邓紫棋公司,549275,2018-12-23 14:37
12306将实现自动抢票 ,500443,2018-12-23 14:37
刘恺威杨幂离婚,448710,2018-12-23 14:37
证明街道办的证明是街道办开的,416755,2018-12-23 14:37
土耳其回应美国从叙撤军,400682,2018-12-23 14:37
考研数学 ,399363,2018-12-23 14:37
李林压中大题,383842,2018-12-23 14:37
误以为别人喜欢自己的经历 ,338535,2018-12-23 14:37
rng,335326,2018-12-23 14:37
蕾哈娜明年发行新专辑,326965,2018-12-23 14:37
狗狗舞蹈世界锦标赛,286547,2018-12-23 14:37
中国留学生疑向室友投毒,267233,2018-12-23 14:37
朱令案,247826,2018-12-23 14:37
mlxg,233582,2018-12-23 14:37
深圳公安,222693,2018-12-23 14:37
letme疑退役,199851,2018-12-23 14:37
贾乃亮追责非法跟踪偷拍,2583992,2018-12-23 14:38
芭莎明星慈善夜捐款明细 ,1926318,2018-12-23 14:38
20年后打老师双方都称是受害者,907930,2018-12-23 14:38
莫文蔚身材 ,599547,2018-12-23 14:38
邓紫棋粉丝 邓紫棋公司,546835,2018-12-23 14:38
12306将实现自动抢票 ,492270,2018-12-23 14:38
刘恺威杨幂离婚,449262,2018-12-23 14:38
证明街道办的证明是街道办开的,381272,2018-12-23 14:38
土耳其回应美国从叙撤军,381059,2018-12-23 14:38
考研数学 ,381044,2018-12-23 14:38
李林压中大题,377166,2018-12-23 14:38
rng,339465,2018-12-23 14:38
误以为别人喜欢自己的经历 ,334881,2018-12-23 14:38
蕾哈娜明年发行新专辑,331352,2018-12-23 14:38
狗狗舞蹈世界锦标赛,300698,2018-12-23 14:38
中国留学生疑向室友投毒,296188,2018-12-23 14:38
朱令案,274926,2018-12-23 14:38
mlxg,261897,2018-12-23 14:38
深圳公安,223928,2018-12-23 14:38
letme疑退役,196859,2018-12-23 14:38
贾乃亮追责非法跟踪偷拍,2594403,2018-12-23 14:40
芭莎明星慈善夜捐款明细 ,1912687,2018-12-23 14:40
20年后打老师双方都称是受害者,899476,2018-12-23 14:40
莫文蔚身材 ,592058,2018-12-23 14:40
邓紫棋粉丝 邓紫棋公司,544525,2018-12-23 14:40
12306将实现自动抢票 ,489905,2018-12-23 14:40
刘恺威杨幂离婚,449656,2018-12-23 14:40
证明街道办的证明是街道办开的,405871,2018-12-23 14:40
土耳其回应美国从叙撤军,381075,2018-12-23 14:40
考研数学 ,376236,2018-12-23 14:40
李林压中大题,372482,2018-12-23 14:40
rng,336912,2018-12-23 14:40
误以为别人喜欢自己的经历 ,333065,2018-12-23 14:40
蕾哈娜明年发行新专辑,206710,2018-12-23 14:40
狗狗舞蹈世界锦标赛,206331,2018-12-23 14:40
mlxg,205405,2018-12-23 14:40
中国留学生疑向室友投毒,204224,2018-12-23 14:40
朱令案,203144,2018-12-23 14:40
深圳公安,202405,2018-12-23 14:40
letme疑退役,202238,2018-12-23 14:40
贾乃亮追责非法跟踪偷拍,2567346,2018-12-23 14:41
芭莎明星慈善夜捐款明细 ,1899968,2018-12-23 14:41
20年后打老师双方都称是受害者,901746,2018-12-23 14:41
莫文蔚身材 ,576499,2018-12-23 14:41
邓紫棋粉丝 邓紫棋公司,543274,2018-12-23 14:41
12306将实现自动抢票 ,484941,2018-12-23 14:41
刘恺威杨幂离婚,450146,2018-12-23 14:41
证明街道办的证明是街道办开的,375249,2018-12-23 14:41
土耳其回应美国从叙撤军,365705,2018-12-23 14:41
考研数学 ,364646,2018-12-23 14:41
李林压中大题,349050,2018-12-23 14:41
rng,332119,2018-12-23 14:41
误以为别人喜欢自己的经历 ,329826,2018-12-23 14:41
letme疑退役,207612,2018-12-23 14:41
狗狗舞蹈世界锦标赛,207154,2018-12-23 14:41
mlxg,206573,2018-12-23 14:41
朱令案,205421,2018-12-23 14:41
中国留学生疑向室友投毒,205355,2018-12-23 14:41
深圳公安,204239,2018-12-23 14:41
蕾哈娜明年发行新专辑,203883,2018-12-23 14:41
贾乃亮追责非法跟踪偷拍,2548985,2018-12-23 14:43
芭莎明星慈善夜捐款明细 ,1895406,2018-12-23 14:43
20年后打老师双方都称是受害者,901277,2018-12-23 14:43
莫文蔚身材 ,572539,2018-12-23 14:43
邓紫棋粉丝 邓紫棋公司,540704,2018-12-23 14:43
12306将实现自动抢票 ,481409,2018-12-23 14:43
刘恺威杨幂离婚,449922,2018-12-23 14:43
证明街道办的证明是街道办开的,382230,2018-12-23 14:43
土耳其回应美国从叙撤军,361883,2018-12-23 14:43
考研数学 ,360016,2018-12-23 14:43
李林压中大题,357571,2018-12-23 14:43
rng,329905,2018-12-23 14:43
误以为别人喜欢自己的经历 ,327209,2018-12-23 14:43
letme疑退役,208483,2018-12-23 14:43
狗狗舞蹈世界锦标赛,207074,2018-12-23 14:43
mlxg,206274,2018-12-23 14:43
朱令案,204410,2018-12-23 14:43
中国留学生疑向室友投毒,203669,2018-12-23 14:43
深圳公安,201026,2018-12-23 14:43
蕾哈娜明年发行新专辑,200987,2018-12-23 14:43
贾乃亮追责非法跟踪偷拍,2532122,2018-12-23 14:44
芭莎明星慈善夜捐款明细 ,1890355,2018-12-23 14:44
20年后打老师双方都称是受害者,879189,2018-12-23 14:44
莫文蔚身材 ,563759,2018-12-23 14:44
邓紫棋粉丝 邓紫棋公司,538796,2018-12-23 14:44
12306将实现自动抢票 ,466708,2018-12-23 14:44
刘恺威杨幂离婚,444893,2018-12-23 14:44
证明街道办的证明是街道办开的,387955,2018-12-23 14:44
土耳其回应美国从叙撤军,363660,2018-12-23 14:44
考研数学 ,358340,2018-12-23 14:44
李林压中大题,346116,2018-12-23 14:44
rng,330170,2018-12-23 14:44
误以为别人喜欢自己的经历 ,324496,2018-12-23 14:44
letme疑退役,212342,2018-12-23 14:44
狗狗舞蹈世界锦标赛,211569,2018-12-23 14:44
mlxg,206907,2018-12-23 14:44
朱令案,206207,2018-12-23 14:44
中国留学生疑向室友投毒,201034,2018-12-23 14:44
深圳公安,198619,2018-12-23 14:44
地铁站务员阿姨会8门外语,197077,2018-12-23 14:44
贾乃亮追责非法跟踪偷拍,2519979,2018-12-23 14:46
芭莎明星慈善夜捐款明细 ,1888498,2018-12-23 14:46
20年后打老师双方都称是受害者,875425,2018-12-23 14:46
莫文蔚身材 ,560876,2018-12-23 14:46
邓紫棋粉丝 邓紫棋公司,537261,2018-12-23 14:46
12306将实现自动抢票 ,471108,2018-12-23 14:46
刘恺威杨幂离婚,442864,2018-12-23 14:46
证明街道办的证明是街道办开的,377934,2018-12-23 14:46
土耳其回应美国从叙撤军,363973,2018-12-23 14:46
考研数学 ,355987,2018-12-23 14:46
李林压中大题,344083,2018-12-23 14:46
rng,329914,2018-12-23 14:46
误以为别人喜欢自己的经历 ,319947,2018-12-23 14:46
letme疑退役,213633,2018-12-23 14:46
狗狗舞蹈世界锦标赛,213575,2018-12-23 14:46
mlxg,213218,2018-12-23 14:46
朱令案,213159,2018-12-23 14:46
中国留学生疑向室友投毒,212883,2018-12-23 14:46
深圳公安,212549,2018-12-23 14:46
地铁站务员阿姨会8门外语,212482,2018-12-23 14:46
贾乃亮追责非法跟踪偷拍,2494619,2018-12-23 14:47
芭莎明星慈善夜捐款明细 ,1876727,2018-12-23 14:47
20年后打老师双方都称是受害者,859729,2018-12-23 14:47
莫文蔚身材 ,550092,2018-12-23 14:47
邓紫棋粉丝 邓紫棋公司,534696,2018-12-23 14:47
12306将实现自动抢票 ,471106,2018-12-23 14:47
刘恺威杨幂离婚,435781,2018-12-23 14:47
证明街道办的证明是街道办开的,380938,2018-12-23 14:47
土耳其回应美国从叙撤军,356093,2018-12-23 14:47
考研数学 ,352409,2018-12-23 14:47
李林压中大题,343921,2018-12-23 14:47
rng ,326276,2018-12-23 14:47
误以为别人喜欢自己的经历 ,315470,2018-12-23 14:47
letme疑退役,304077,2018-12-23 14:47
狗狗舞蹈世界锦标赛,295738,2018-12-23 14:47
mlxg,273109,2018-12-23 14:47
朱令案,270636,2018-12-23 14:47
中国留学生疑向室友投毒,252021,2018-12-23 14:47
地铁站务员阿姨会8门外语,241023,2018-12-23 14:47
深圳公安,216416,2018-12-23 14:47
贾乃亮追责非法跟踪偷拍,2478237,2018-12-23 14:49
芭莎明星慈善夜捐款明细 ,1872168,2018-12-23 14:49
20年后打老师双方都称是受害者,846743,2018-12-23 14:49
莫文蔚身材 ,544271,2018-12-23 14:49
邓紫棋粉丝 邓紫棋公司,533591,2018-12-23 14:49
12306将实现自动抢票 ,459642,2018-12-23 14:49
刘恺威杨幂离婚,435186,2018-12-23 14:49
证明街道办的证明是街道办开的,354614,2018-12-23 14:49
土耳其回应美国从叙撤军,350380,2018-12-23 14:49
考研数学 ,346329,2018-12-23 14:49
李林压中大题,341983,2018-12-23 14:49
rng ,325824,2018-12-23 14:49
误以为别人喜欢自己的经历 ,314091,2018-12-23 14:49
letme疑退役,217305,2018-12-23 14:49
狗狗舞蹈世界锦标赛,216889,2018-12-23 14:49
mlxg,216651,2018-12-23 14:49
朱令案,216064,2018-12-23 14:49
中国留学生疑向室友投毒,215896,2018-12-23 14:49
地铁站务员阿姨会8门外语,215340,2018-12-23 14:49
深圳公安,214986,2018-12-23 14:49
贾乃亮追责非法跟踪偷拍,2472971,2018-12-23 14:50
芭莎明星慈善夜捐款明细 ,1846811,2018-12-23 14:50
20年后打老师双方都称是受害者,850839,2018-12-23 14:50
莫文蔚身材 ,539761,2018-12-23 14:50
邓紫棋粉丝 邓紫棋公司,527868,2018-12-23 14:50
12306将实现自动抢票 ,456525,2018-12-23 14:50
刘恺威杨幂离婚,435000,2018-12-23 14:50
证明街道办的证明是街道办开的,360650,2018-12-23 14:50
土耳其回应美国从叙撤军,348140,2018-12-23 14:50
考研数学 ,342921,2018-12-23 14:50
李林压中大题,336102,2018-12-23 14:50
rng ,329144,2018-12-23 14:50
误以为别人喜欢自己的经历 ,309385,2018-12-23 14:50
letme疑退役,228453,2018-12-23 14:50
狗狗舞蹈世界锦标赛,227368,2018-12-23 14:50
mlxg,222911,2018-12-23 14:50
朱令案,219112,2018-12-23 14:50
地铁站务员阿姨会8门外语,216808,2018-12-23 14:50
中国留学生疑向室友投毒,211421,2018-12-23 14:50
深圳公安,209150,2018-12-23 14:50
贾乃亮追责非法跟踪偷拍,2473959,2018-12-23 14:52
芭莎明星慈善夜捐款明细 ,1818499,2018-12-23 14:52
20年后打老师双方都称是受害者,833714,2018-12-23 14:52
莫文蔚身材 ,520961,2018-12-23 14:52
邓紫棋粉丝 邓紫棋公司,520193,2018-12-23 14:52
12306将实现自动抢票 ,450708,2018-12-23 14:52
刘恺威杨幂离婚,433787,2018-12-23 14:52
证明街道办的证明是街道办开的,359431,2018-12-23 14:52
土耳其回应美国从叙撤军,346070,2018-12-23 14:52
考研数学 ,339299,2018-12-23 14:52
李林压中大题,334588,2018-12-23 14:52
rng ,328873,2018-12-23 14:52
误以为别人喜欢自己的经历 ,305901,2018-12-23 14:52
letme疑退役,235950,2018-12-23 14:52
狗狗舞蹈世界锦标赛,231347,2018-12-23 14:52
mlxg,226581,2018-12-23 14:52
朱令案,220450,2018-12-23 14:52
地铁站务员阿姨会8门外语,215509,2018-12-23 14:52
中国留学生疑向室友投毒,207941,2018-12-23 14:52
深圳公安,205062,2018-12-23 14:52
贾乃亮追责非法跟踪偷拍,2469682,2018-12-23 14:53
芭莎明星慈善夜捐款明细 ,1803814,2018-12-23 14:53
20年后打老师双方都称是受害者,826561,2018-12-23 14:53
莫文蔚身材 ,525698,2018-12-23 14:53
邓紫棋粉丝 邓紫棋公司,512918,2018-12-23 14:53
12306将实现自动抢票 ,443802,2018-12-23 14:53
刘恺威杨幂离婚,433416,2018-12-23 14:53
证明街道办的证明是街道办开的,343347,2018-12-23 14:53
土耳其回应美国从叙撤军,336075,2018-12-23 14:53
考研数学 ,335210,2018-12-23 14:53
李林压中大题,332701,2018-12-23 14:53
rng ,327596,2018-12-23 14:53
误以为别人喜欢自己的经历 ,304197,2018-12-23 14:53
letme疑退役,242283,2018-12-23 14:53
狗狗舞蹈世界锦标赛,241621,2018-12-23 14:53
mlxg,230363,2018-12-23 14:53
朱令案,222100,2018-12-23 14:53
地铁站务员阿姨会8门外语,213515,2018-12-23 14:53
中国留学生疑向室友投毒,207749,2018-12-23 14:53
深圳公安,202814,2018-12-23 14:53
贾乃亮追责非法跟踪偷拍,2468584,2018-12-23 14:55
芭莎明星慈善夜捐款明细 ,1790529,2018-12-23 14:55
20年后打老师双方都称是受害者,823033,2018-12-23 14:55
莫文蔚身材 ,523829,2018-12-23 14:55
邓紫棋粉丝 邓紫棋公司,505813,2018-12-23 14:55
12306将实现自动抢票 ,441722,2018-12-23 14:55
刘恺威杨幂离婚,434115,2018-12-23 14:55
证明街道办的证明是街道办开的,350936,2018-12-23 14:55
土耳其回应美国从叙撤军,332861,2018-12-23 14:55
考研数学 ,332393,2018-12-23 14:55
李林压中大题,332139,2018-12-23 14:55
rng ,328835,2018-12-23 14:55
误以为别人喜欢自己的经历 ,301736,2018-12-23 14:55
letme疑退役,242416,2018-12-23 14:55
狗狗舞蹈世界锦标赛,236559,2018-12-23 14:55
mlxg,230668,2018-12-23 14:55
朱令案,224112,2018-12-23 14:55
地铁站务员阿姨会8门外语,216591,2018-12-23 14:55
中国留学生疑向室友投毒,207859,2018-12-23 14:55
深圳公安,200994,2018-12-23 14:55
贾乃亮追责非法跟踪偷拍,2461807,2018-12-23 14:56
芭莎明星慈善夜捐款明细 ,1763551,2018-12-23 14:56
20年后打老师双方都称是受害者,827857,2018-12-23 14:56
莫文蔚身材 ,514573,2018-12-23 14:56
邓紫棋粉丝 邓紫棋公司,486775,2018-12-23 14:56
刘恺威杨幂离婚,435416,2018-12-23 14:56
12306将实现自动抢票 ,432846,2018-12-23 14:56
证明街道办的证明是街道办开的,359996,2018-12-23 14:56
土耳其回应美国从叙撤军,341419,2018-12-23 14:56
rng ,333673,2018-12-23 14:56
李林压中大题,329601,2018-12-23 14:56
考研数学 ,325414,2018-12-23 14:56
误以为别人喜欢自己的经历 ,294635,2018-12-23 14:56
letme疑退役,242233,2018-12-23 14:56
狗狗舞蹈世界锦标赛,235805,2018-12-23 14:56
mlxg,230543,2018-12-23 14:56
朱令案,217113,2018-12-23 14:56
地铁站务员阿姨会8门外语,206350,2018-12-23 14:56
中国留学生疑向室友投毒,202550,2018-12-23 14:56
深圳公安,197219,2018-12-23 14:56
贾乃亮追责非法跟踪偷拍,2454274,2018-12-23 14:58
芭莎明星慈善夜捐款明细 ,1732980,2018-12-23 14:58
20年后打老师双方都称是受害者,811046,2018-12-23 14:58
莫文蔚身材 ,513161,2018-12-23 14:58
邓紫棋粉丝 邓紫棋公司,468582,2018-12-23 14:58
刘恺威杨幂离婚,436060,2018-12-23 14:58
12306将实现自动抢票 ,425942,2018-12-23 14:58
证明街道办的证明是街道办开的,361964,2018-12-23 14:58
土耳其回应美国从叙撤军,347867,2018-12-23 14:58
rng ,340725,2018-12-23 14:58
李林压中大题,333059,2018-12-23 14:58
考研数学 ,314488,2018-12-23 14:58
误以为别人喜欢自己的经历 ,289727,2018-12-23 14:58
letme疑退役,237383,2018-12-23 14:58
狗狗舞蹈世界锦标赛,228848,2018-12-23 14:58
mlxg,219840,2018-12-23 14:58
地铁站务员阿姨会8门外语,215783,2018-12-23 14:58
朱令案,208825,2018-12-23 14:58
中国留学生疑向室友投毒,197841,2018-12-23 14:58
深圳公安,192792,2018-12-23 14:58
贾乃亮追责非法跟踪偷拍,2445762,2018-12-23 15:00
芭莎明星慈善夜捐款明细 ,1726803,2018-12-23 15:00
20年后打老师双方都称是受害者,791161,2018-12-23 15:00
莫文蔚身材 ,517119,2018-12-23 15:00
邓紫棋粉丝 邓紫棋公司,462837,2018-12-23 15:00
刘恺威杨幂离婚,439336,2018-12-23 15:00
12306将实现自动抢票 ,419858,2018-12-23 15:00
证明街道办的证明是街道办开的,354186,2018-12-23 15:00
土耳其回应美国从叙撤军,349688,2018-12-23 15:00
rng ,345403,2018-12-23 15:00
李林压中大题,339984,2018-12-23 15:00
考研数学 ,307573,2018-12-23 15:00
误以为别人喜欢自己的经历 ,288029,2018-12-23 15:00
letme疑退役,234901,2018-12-23 15:00
狗狗舞蹈世界锦标赛,233655,2018-12-23 15:00
mlxg,227242,2018-12-23 15:00
朱令案,223395,2018-12-23 15:00
地铁站务员阿姨会8门外语,221484,2018-12-23 15:00
中国留学生疑向室友投毒,218901,2018-12-23 15:00
景甜演讲擤鼻涕,215656,2018-12-23 15:00
贾乃亮追责非法跟踪偷拍,2435468,2018-12-23 15:01
芭莎明星慈善夜捐款明细 ,1691799,2018-12-23 15:01
20年后打老师双方都称是受害者,785323,2018-12-23 15:01
莫文蔚身材 ,504929,2018-12-23 15:01
邓紫棋粉丝 邓紫棋公司,454737,2018-12-23 15:01
刘恺威杨幂离婚,442116,2018-12-23 15:01
12306将实现自动抢票 ,415709,2018-12-23 15:01
证明街道办的证明是街道办开的,356266,2018-12-23 15:01
土耳其回应美国从叙撤军,353514,2018-12-23 15:01
rng ,352491,2018-12-23 15:01
李林压中大题,351519,2018-12-23 15:01
考研数学 ,295265,2018-12-23 15:01
景甜演讲擤鼻涕,295263,2018-12-23 15:01
误以为别人喜欢自己的经历 ,281654,2018-12-23 15:01
狗狗舞蹈世界锦标赛,277951,2018-12-23 15:01
mlxg,265930,2018-12-23 15:01
地铁站务员阿姨会8门外语,253547,2018-12-23 15:01
朱令案,243034,2018-12-23 15:01
中国留学生疑向室友投毒,229109,2018-12-23 15:01
letme疑退役,229065,2018-12-23 15:01
贾乃亮追责非法跟踪偷拍,2428807,2018-12-23 15:03
芭莎明星慈善夜捐款明细 ,1675627,2018-12-23 15:03
20年后打老师双方都称是受害者,781200,2018-12-23 15:03
莫文蔚身材 ,503733,2018-12-23 15:03
邓紫棋粉丝 邓紫棋公司,450588,2018-12-23 15:03
刘恺威杨幂离婚,442583,2018-12-23 15:03
12306将实现自动抢票 ,414240,2018-12-23 15:03
证明街道办的证明是街道办开的,372996,2018-12-23 15:03
土耳其回应美国从叙撤军,361735,2018-12-23 15:03
rng ,353829,2018-12-23 15:03
李林压中大题,351621,2018-12-23 15:03
景甜演讲擤鼻涕,339235,2018-12-23 15:03
考研数学 ,290327,2018-12-23 15:03
误以为别人喜欢自己的经历 ,278640,2018-12-23 15:03
狗狗舞蹈世界锦标赛,277769,2018-12-23 15:03
mlxg,264898,2018-12-23 15:03
地铁站务员阿姨会8门外语,256702,2018-12-23 15:03
朱令案,248454,2018-12-23 15:03
中国留学生疑向室友投毒,237074,2018-12-23 15:03
letme疑退役,229333,2018-12-23 15:03
贾乃亮追责非法跟踪偷拍,2421971,2018-12-23 15:04
芭莎明星慈善夜捐款明细 ,1639743,2018-12-23 15:04
20年后打老师双方都称是受害者,804998,2018-12-23 15:04
莫文蔚身材 ,504818,2018-12-23 15:04
刘恺威杨幂离婚,445988,2018-12-23 15:04
邓紫棋粉丝 邓紫棋公司,440070,2018-12-23 15:04
12306将实现自动抢票 ,406169,2018-12-23 15:04
证明街道办的证明是街道办开的,397764,2018-12-23 15:04
马克龙,385049,2018-12-23 15:04
景甜演讲擤鼻涕,376717,2018-12-23 15:04
李林压中大题,368788,2018-12-23 15:04
rng ,357024,2018-12-23 15:04
考研数学 ,278051,2018-12-23 15:04
误以为别人喜欢自己的经历 ,271456,2018-12-23 15:04
狗狗舞蹈世界锦标赛,270157,2018-12-23 15:04
mlxg,255895,2018-12-23 15:04
地铁站务员阿姨会8门外语,249561,2018-12-23 15:04
朱令案,234867,2018-12-23 15:04
中国留学生疑向室友投毒,231600,2018-12-23 15:04
letme疑退役,223197,2018-12-23 15:04
贾乃亮追责非法跟踪偷拍,2418302,2018-12-23 15:06
芭莎明星慈善夜捐款明细 ,1624535,2018-12-23 15:06
20年后打老师双方都称是受害者,801070,2018-12-23 15:06
莫文蔚身材 ,494204,2018-12-23 15:06
景甜演讲擤鼻涕,457495,2018-12-23 15:06
刘恺威杨幂离婚,447899,2018-12-23 15:06
12306将实现自动抢票,405552,2018-12-23 15:06
证明街道办的证明是街道办开的,400031,2018-12-23 15:06
马克龙,387809,2018-12-23 15:06
邓紫棋粉丝 邓紫棋公司,376881,2018-12-23 15:06
李林压中大题,363933,2018-12-23 15:06
rng ,358524,2018-12-23 15:06
考研数学 ,273234,2018-12-23 15:06
误以为别人喜欢自己的经历 ,264376,2018-12-23 15:06
狗狗舞蹈世界锦标赛,263397,2018-12-23 15:06
mlxg,255518,2018-12-23 15:06
地铁站务员阿姨会8门外语,240755,2018-12-23 15:06
朱令案,239167,2018-12-23 15:06
中国留学生疑向室友投毒,227779,2018-12-23 15:06
letme疑退役,222391,2018-12-23 15:06
贾乃亮追责非法跟踪偷拍,2410879,2018-12-23 15:07
芭莎明星慈善夜捐款明细 ,1588440,2018-12-23 15:07
20年后打老师双方都称是受害者,787118,2018-12-23 15:07
景甜演讲擤鼻涕,530631,2018-12-23 15:07
莫文蔚身材 ,494870,2018-12-23 15:07
刘恺威杨幂离婚,450400,2018-12-23 15:07
12306将实现自动抢票,395694,2018-12-23 15:07
马克龙,395268,2018-12-23 15:07
证明街道办的证明是街道办开的,376619,2018-12-23 15:07
邓紫棋粉丝 邓紫棋公司,374044,2018-12-23 15:07
李林压中大题,365373,2018-12-23 15:07
rng ,355851,2018-12-23 15:07
考研数学 ,265703,2018-12-23 15:07
误以为别人喜欢自己的经历 ,258324,2018-12-23 15:07
狗狗舞蹈世界锦标赛,256911,2018-12-23 15:07
mlxg,246055,2018-12-23 15:07
地铁站务员阿姨会8门外语,240963,2018-12-23 15:07
朱令案,236657,2018-12-23 15:07
中国留学生疑向室友投毒,232432,2018-12-23 15:07
王祖贤近照,227203,2018-12-23 15:07
贾乃亮追责非法跟踪偷拍,2372416,2018-12-23 15:09
芭莎明星慈善夜捐款明细 ,1569051,2018-12-23 15:09
20年后打老师双方都称是受害者,788168,2018-12-23 15:09
景甜演讲擤鼻涕,568865,2018-12-23 15:09
莫文蔚身材 ,483316,2018-12-23 15:09
刘恺威杨幂离婚,452891,2018-12-23 15:09
12306将实现自动抢票,387273,2018-12-23 15:09
马克龙,384664,2018-12-23 15:09
证明街道办的证明是街道办开的,371342,2018-12-23 15:09
邓紫棋粉丝 邓紫棋公司,366553,2018-12-23 15:09
李林压中大题,360092,2018-12-23 15:09
rng,354807,2018-12-23 15:09
考研数学 ,258305,2018-12-23 15:09
误以为别人喜欢自己的经历 ,255619,2018-12-23 15:09
狗狗舞蹈世界锦标赛,255063,2018-12-23 15:09
地铁站务员阿姨会8门外语,254249,2018-12-23 15:09
mlxg,253098,2018-12-23 15:09
朱令案,251425,2018-12-23 15:09
中国留学生疑向室友投毒,249857,2018-12-23 15:09
王祖贤近照,249373,2018-12-23 15:09
贾乃亮追责非法跟踪偷拍,2372416,2018-12-23 15:09
芭莎明星慈善夜捐款明细 ,1569051,2018-12-23 15:09
20年后打老师双方都称是受害者,788168,2018-12-23 15:09
景甜演讲擤鼻涕,568865,2018-12-23 15:09
莫文蔚身材 ,483316,2018-12-23 15:09
刘恺威杨幂离婚,452891,2018-12-23 15:09
12306将实现自动抢票,387273,2018-12-23 15:09
马克龙,384664,2018-12-23 15:09
证明街道办的证明是街道办开的,371342,2018-12-23 15:09
邓紫棋粉丝 邓紫棋公司,366553,2018-12-23 15:09
李林压中大题,360092,2018-12-23 15:09
rng,354807,2018-12-23 15:09
考研数学 ,258305,2018-12-23 15:09
误以为别人喜欢自己的经历 ,255619,2018-12-23 15:09
狗狗舞蹈世界锦标赛,255063,2018-12-23 15:09
地铁站务员阿姨会8门外语,254249,2018-12-23 15:09
mlxg,253098,2018-12-23 15:09
朱令案,251425,2018-12-23 15:09
中国留学生疑向室友投毒,249857,2018-12-23 15:09
王祖贤近照,249373,2018-12-23 15:09
贾乃亮追责非法跟踪偷拍,2401918,2018-12-23 15:10
芭莎明星慈善夜捐款明细 ,1552619,2018-12-23 15:10
20年后打老师双方都称是受害者,771890,2018-12-23 15:10
景甜演讲擤鼻涕,634032,2018-12-23 15:10
莫文蔚身材 ,485390,2018-12-23 15:10
刘恺威杨幂离婚,452804,2018-12-23 15:10
12306将实现自动抢票,389304,2018-12-23 15:10
马克龙,385298,2018-12-23 15:10
证明街道办的证明是街道办开的,376539,2018-12-23 15:10
邓紫棋粉丝 邓紫棋公司,362390,2018-12-23 15:10
李林压中大题,357433,2018-12-23 15:10
rng,349965,2018-12-23 15:10
考研数学 ,256059,2018-12-23 15:10
误以为别人喜欢自己的经历 ,254491,2018-12-23 15:10
狗狗舞蹈世界锦标赛,248944,2018-12-23 15:10
地铁站务员阿姨会8门外语,243533,2018-12-23 15:10
mlxg,237651,2018-12-23 15:10
朱令案,230643,2018-12-23 15:10
中国留学生疑向室友投毒,222828,2018-12-23 15:10
王祖贤近照,213152,2018-12-23 15:10
贾乃亮追责非法跟踪偷拍,2366727,2018-12-23 15:12
芭莎明星慈善夜捐款明细 ,1528187,2018-12-23 15:12
20年后打老师双方都称是受害者,742917,2018-12-23 15:12
景甜演讲擤鼻涕,679008,2018-12-23 15:12
莫文蔚身材 ,479456,2018-12-23 15:12
刘恺威杨幂离婚,452900,2018-12-23 15:12
12306将实现自动抢票 ,376215,2018-12-23 15:12
马克龙,368347,2018-12-23 15:12
证明街道办的证明是街道办开的,359493,2018-12-23 15:12
邓紫棋粉丝 邓紫棋公司,352166,2018-12-23 15:12
李林压中大题,342585,2018-12-23 15:12
rng ,337246,2018-12-23 15:12
江若琳结婚,251835,2018-12-23 15:12
误以为别人喜欢自己的经历 ,251781,2018-12-23 15:12
狗狗舞蹈世界锦标赛,251767,2018-12-23 15:12
地铁站务员阿姨会8门外语,251662,2018-12-23 15:12
mlxg,251533,2018-12-23 15:12
朱令案,251469,2018-12-23 15:12
中国留学生疑向室友投毒,251411,2018-12-23 15:12
王祖贤近照,251285,2018-12-23 15:12
贾乃亮追责非法跟踪偷拍,2353033,2018-12-23 15:13
芭莎明星慈善夜捐款明细 ,1506279,2018-12-23 15:13
20年后打老师双方都称是受害者,725815,2018-12-23 15:13
景甜演讲擤鼻涕,667288,2018-12-23 15:13
莫文蔚身材 ,472740,2018-12-23 15:13
刘恺威杨幂离婚,454667,2018-12-23 15:13
12306将实现自动抢票 ,373058,2018-12-23 15:13
马克龙,361386,2018-12-23 15:13
证明街道办的证明是街道办开的,355286,2018-12-23 15:13
邓紫棋粉丝 邓紫棋公司,344938,2018-12-23 15:13
李林压中大题,326756,2018-12-23 15:13
rng ,324069,2018-12-23 15:13
江若琳结婚,303360,2018-12-23 15:13
周扬青让罗志祥写日文追星,298269,2018-12-23 15:13
狗狗舞蹈世界锦标赛,290939,2018-12-23 15:13
地铁站务员阿姨会8门外语,288275,2018-12-23 15:13
mlxg,281247,2018-12-23 15:13
朱令案,273688,2018-12-23 15:13
王祖贤近照,262037,2018-12-23 15:13
中国留学生疑向室友投毒,251960,2018-12-23 15:13
贾乃亮追责非法跟踪偷拍,2357900,2018-12-23 15:15
芭莎明星慈善夜捐款明细 ,1498055,2018-12-23 15:15
20年后打老师双方都称是受害者,715892,2018-12-23 15:15
景甜演讲擤鼻涕,636356,2018-12-23 15:15
莫文蔚身材 ,468786,2018-12-23 15:15
刘恺威杨幂离婚,456041,2018-12-23 15:15
12306将实现自动抢票 ,370749,2018-12-23 15:15
马克龙,368056,2018-12-23 15:15
证明街道办的证明是街道办开的,367071,2018-12-23 15:15
邓紫棋粉丝 邓紫棋公司,366869,2018-12-23 15:15
李林压中大题,356837,2018-12-23 15:15
周扬青让罗志祥写日文追星,340715,2018-12-23 15:15
江若琳结婚,324886,2018-12-23 15:15
rng ,319225,2018-12-23 15:15
狗狗舞蹈世界锦标赛,318309,2018-12-23 15:15
地铁站务员阿姨会8门外语,313751,2018-12-23 15:15
mlxg,310523,2018-12-23 15:15
朱令案,309321,2018-12-23 15:15
王祖贤近照,305853,2018-12-23 15:15
中国留学生疑向室友投毒,303841,2018-12-23 15:15
